<?xml version="1.0" encoding="UTF-8"?>
<Faktura xmlns:etd="http://crd.gov.pl/xml/schematy/dziedzinowe/mf/2022/01/05/eD/DefinicjeTypy/" xmlns:xsi="http://www.w3.org/2001/XMLSchema-instance"
xmlns="http://crd.gov.pl/wzor/2025/06/25/13775/">
	<Naglowek>
		<KodFormularza kodSystemowy="FA (3)" wersjaSchemy="1-0E">FA</KodFormularza>
		<WariantFormularza>3</WariantFormularza>
		<DataWytworzeniaFa>2026-02-15T09:30:47Z</DataWytworzeniaFa>
		<SystemInfo>Samplofaktur</SystemInfo>
	</Naglowek>
	<Podmiot1>
		<DaneIdentyfikacyjne>
			<NIP>9999999999</NIP>
			<Nazwa>Komis ABC AGD sp. z o. o.</Nazwa>
		</DaneIdentyfikacyjne>
		<Adres>
			<KodKraju>PL</KodKraju>
			<AdresL1>ul. Kwiatowa 1 m. 2</AdresL1>
			<AdresL2>00-001 Warszawa</AdresL2>
		</Adres>
		<DaneKontaktowe>
			<Email>abc@abc.pl</Email>
			<Telefon>667444555</Telefon>
		</DaneKontaktowe>
	</Podmiot1>
	<Podmiot2>
		<DaneIdentyfikacyjne>
			<NIP>1111111111</NIP>
			<Nazwa>F.H.U. Jan Kowalski</Nazwa>
		</DaneIdentyfikacyjne>
		<Adres>
			<KodKraju>PL</KodKraju>
			<AdresL1>ul. Polna 1</AdresL1>
			<AdresL2>00-001 Warszawa</AdresL2>
		</Adres>
		<DaneKontaktowe>
			<Email>jan@kowalski.pl</Email>
			<Telefon>555777999</Telefon>
		</DaneKontaktowe>
		<NrKlienta>fdfd778343</NrKlienta>
		<JST>2</JST>
		<GV>2</GV>
	</Podmiot2>
	<Fa>
		<KodWaluty>PLN</KodWaluty>
		<P_1>2026-02-27</P_1>
		<P_1M>Warszawa</P_1M>
		<P_2>FM2026/02/150</P_2>
		<P_6>2026-01-27</P_6>
		<P_13_11>15000</P_13_11>
		<P_15>15000</P_15>
		<Adnotacje>
			<P_16>2</P_16>
			<P_17>2</P_17>
			<P_18>2</P_18>
			<P_18A>2</P_18A>
			<Zwolnienie>
				<P_19N>1</P_19N>
			</Zwolnienie>
			<NoweSrodkiTransportu>
				<P_22N>1</P_22N>
			</NoweSrodkiTransportu>
			<P_23>2</P_23>
			<PMarzy>
				<P_PMarzy>1</P_PMarzy>
				<P_PMarzy_3_1>1</P_PMarzy_3_1>
			</PMarzy>
		</Adnotacje>
		<RodzajFaktury>VAT</RodzajFaktury>
		<FP>1</FP>
		<FaWiersz>
			<NrWierszaFa>1</NrWierszaFa>
			<P_7>samochód używany marki Autex rocznik 2010</P_7>
			<P_8A>szt.</P_8A>
			<P_8B>1</P_8B>
			<P_9B>15000</P_9B>
			<P_11A>15000</P_11A>
			<GTU>GTU_07</GTU>
		</FaWiersz>
		<Platnosc>
			<ZnacznikZaplatyCzesciowej>1</ZnacznikZaplatyCzesciowej>
			<ZaplataCzesciowa>
				<KwotaZaplatyCzesciowej>10000</KwotaZaplatyCzesciowej>
				<DataZaplatyCzesciowej>2026-01-27</DataZaplatyCzesciowej>
				<FormaPlatnosci>1</FormaPlatnosci>
			</ZaplataCzesciowa>
			<TerminPlatnosci>
				<TerminOpis>
					<Ilosc>30</Ilosc>
					<Jednostka>Dzień</Jednostka>
					<ZdarzeniePoczatkowe>Otrzymanie faktury</ZdarzeniePoczatkowe>
				</TerminOpis>
			</TerminPlatnosci>
			<FormaPlatnosci>6</FormaPlatnosci>
			<RachunekBankowy>
				<NrRB>73111111111111111111111111</NrRB>
				<NazwaBanku>Bank Bankowości Bankowej S. A.</NazwaBanku>
				<OpisRachunku>PLN</OpisRachunku>
			</RachunekBankowy>
		</Platnosc>
	</Fa>
	<Stopka>
		<Informacje>
			<StopkaFaktury>Kapiał zakładowy 5 000 000</StopkaFaktury>
		</Informacje>
		<Rejestry>
			<KRS>0000099999</KRS>
			<REGON>999999999</REGON>
			<BDO>000099999</BDO>
		</Rejestry>
	</Stopka>
</Faktura>
