<?xml version="1.0" encoding="utf-8"?><Faktura xmlns:xsi="http://www.w3.org/2001/XMLSchema-instance" xmlns:xsd="http://www.w3.org/2001/XMLSchema" xmlns="http://crd.gov.pl/wzor/2025/06/25/13775/"><Naglowek><KodFormularza kodSystemowy="FA (3)" wersjaSchemy="1-0E">FA</KodFormularza><WariantFormularza>3</WariantFormularza><DataWytworzeniaFa>2026-02-01T00:00:00Z</DataWytworzeniaFa><SystemInfo>SamploFaktur</SystemInfo></Naglowek><Podmiot1><DaneIdentyfikacyjne><NIP>9999999999</NIP><Nazwa>ABC sp. z o. o.</Nazwa></DaneIdentyfikacyjne><Adres><KodKraju>PL</KodKraju><AdresL1>ul. Kwiatowa 1, 00-001 Warszawa</AdresL1></Adres></Podmiot1><Podmiot2><DaneIdentyfikacyjne><NIP>2222222222</NIP><Nazwa>Jan Kowalski</Nazwa></DaneIdentyfikacyjne><Adres><KodKraju>PL</KodKraju><AdresL1>Akacjowa 1, 00-001 Warszawa</AdresL1></Adres><JST>2</JST><GV>2</GV></Podmiot2><Fa><KodWaluty>PLN</KodWaluty><P_1>2026-02-01</P_1><P_1M>Warszawa</P_1M><P_2>FA/2026/02/999</P_2><P_6>2026-02-01</P_6><P_13_3>30</P_13_3><P_14_3>1.5</P_14_3><P_15>31.5</P_15><Adnotacje><P_16>2</P_16><P_17>2</P_17><P_18>2</P_18><P_18A>2</P_18A><Zwolnienie><P_19N>1</P_19N></Zwolnienie><NoweSrodkiTransportu><P_22N>1</P_22N></NoweSrodkiTransportu><P_23>2</P_23><PMarzy><P_PMarzyN>1</P_PMarzyN></PMarzy></Adnotacje><RodzajFaktury>VAT</RodzajFaktury><FaWiersz><NrWierszaFa>1</NrWierszaFa><P_7>Napój Owocowy 1.5l</P_7><P_8A>szt.</P_8A><P_8B>10</P_8B><P_9A>3</P_9A><P_11>30</P_11><P_12>5</P_12></FaWiersz><Rozliczenie><Obciazenia><Kwota>5</Kwota><Powod>Kaucja (system kaucyjny) 10 x 0,50  PLN</Powod></Obciazenia><SumaObciazen>5</SumaObciazen><DoZaplaty>36.5</DoZaplaty></Rozliczenie></Fa></Faktura>