<?xml version="1.0" encoding="UTF-8"?>
<Faktura xmlns:etd="http://crd.gov.pl/xml/schematy/dziedzinowe/mf/2022/01/05/eD/DefinicjeTypy/" xmlns:xsi="http://www.w3.org/2001/XMLSchema-instance"
xmlns="http://crd.gov.pl/wzor/2023/06/29/12648/">
	<Naglowek>
		<KodFormularza kodSystemowy="FA (2)" wersjaSchemy="1-0E">FA</KodFormularza>
		<WariantFormularza>2</WariantFormularza>
		<DataWytworzeniaFa>2022-01-01T00:00:00Z</DataWytworzeniaFa>
		<SystemInfo>Samplofaktur</SystemInfo>
	</Naglowek>
	<Podmiot1>
		<DaneIdentyfikacyjne>
			<NIP>9999999999</NIP>
			<Nazwa>ABC Developex S.A.</Nazwa>
		</DaneIdentyfikacyjne>
		<Adres>
			<KodKraju>PL</KodKraju>
			<AdresL1>ul. Sadowa 1 lok. 3</AdresL1>
			<AdresL2>00-002 Kraków</AdresL2>
		</Adres>
		<DaneKontaktowe>
			<Email>abc@abc.pl</Email>
			<Telefon>667444555</Telefon>
		</DaneKontaktowe>
	</Podmiot1>
	<Podmiot2>
		<DaneIdentyfikacyjne>
			<NIP>1111111111</NIP>
			<Nazwa>F.H.U. Jan Kowalski</Nazwa>
		</DaneIdentyfikacyjne>
		<Adres>
			<KodKraju>PL</KodKraju>
			<AdresL1>ul. Polna 1</AdresL1>
			<AdresL2>00-001 Warszawa</AdresL2>
		</Adres>
		<DaneKontaktowe>
			<Email>jan@kowalski.pl</Email>
			<Telefon>555777999</Telefon>
		</DaneKontaktowe>
	</Podmiot2>
	<Podmiot3>
		<DaneIdentyfikacyjne>
			<NIP>3333333333</NIP>
			<Nazwa>F.H.U. Grażyna Kowalska</Nazwa>
		</DaneIdentyfikacyjne>
		<Adres>
			<KodKraju>PL</KodKraju>
			<AdresL1>ul. Polna 1</AdresL1>
			<AdresL2>00-001 Warszawa</AdresL2>
		</Adres>
		<DaneKontaktowe>
			<Email>jan@kowalski.pl</Email>
			<Telefon>555777999</Telefon>
		</DaneKontaktowe>
		<Rola>4</Rola>
		<Udzial>50</Udzial>
	</Podmiot3>
	<Fa>
		<KodWaluty>PLN</KodWaluty>
		<P_1>2022-08-17</P_1>
		<P_1M>Warszawa</P_1M>
		<P_2>FK2022/09/1</P_2>
		<P_6>2022-09-17</P_6>
		<P_13_1>101.76</P_13_1>
		<P_14_1>23.41</P_14_1>
		<P_13_2>6953.54</P_13_2>
		<P_14_2>556.29</P_14_2>
		<P_15>7635</P_15>
		<Adnotacje>
			<P_16>2</P_16>
			<P_17>2</P_17>
			<P_18>2</P_18>
			<P_18A>2</P_18A>
			<Zwolnienie>
				<P_19N>1</P_19N>
			</Zwolnienie>
			<NoweSrodkiTransportu>
				<P_22N>1</P_22N>
			</NoweSrodkiTransportu>
			<P_23>2</P_23>
			<PMarzy>
				<P_PMarzyN>1</P_PMarzyN>
			</PMarzy>
		</Adnotacje>
		<RodzajFaktury>KOR_ROZ</RodzajFaktury>
		<PrzyczynaKorekty>błędne zafakturowanie kwoty pozostałej do zapłaty: było 300000, a powinno być 307635</PrzyczynaKorekty>
		<TypKorekty>1</TypKorekty>
		<DaneFaKorygowanej>
			<DataWystFaKorygowanej>2022-08-17</DataWystFaKorygowanej>
			<NrFaKorygowanej>FV2022/08/12</NrFaKorygowanej>
			<NrKSeF>1</NrKSeF>
			<NrKSeFFaKorygowanej>9999999999-20230908-8BEF280C8D35-4D</NrKSeFFaKorygowanej>
		</DaneFaKorygowanej>
		<P_15ZK>300000</P_15ZK>
		<FakturaZaliczkowa>			
			<NrKSeFFaZaliczkowej>9999999999-20230908-76B2B580D4DC-80</NrKSeFFaZaliczkowej>
		</FakturaZaliczkowa>
		<FaWiersz>
			<NrWierszaFa>1</NrWierszaFa>
			<UU_ID>aaaa111133339997</UU_ID>
			<P_7>mieszkanie 50m^2</P_7>
			<P_8A>szt.</P_8A>
			<P_8B>1</P_8B>
			<P_9A>307500</P_9A>
			<P_11>307500</P_11>
			<P_12>8</P_12>
			<GTU>GTU_10</GTU>
			<StanPrzed>1</StanPrzed>
		</FaWiersz>
		<FaWiersz>
			<NrWierszaFa>1</NrWierszaFa>
			<UU_ID>aaaa111133339997</UU_ID>
			<P_7>mieszkanie 50m2</P_7>
			<P_8A>szt.</P_8A>
			<P_8B>1</P_8B>
			<P_9A>307500</P_9A>
			<P_11>307500</P_11>
			<P_12>8</P_12>
			<GTU>GTU_10</GTU>
		</FaWiersz>
		<FaWiersz>
			<NrWierszaFa>2</NrWierszaFa>
			<UU_ID>aaaa111133339998</UU_ID>
			<P_7>usługi dodatkowe</P_7>
			<P_8A>szt.</P_8A>
			<P_8B>1</P_8B>
			<P_9A>4500</P_9A>
			<P_11>4500</P_11>
			<P_12>23</P_12>
			<StanPrzed>1</StanPrzed>
		</FaWiersz>
		<FaWiersz>
			<NrWierszaFa>2</NrWierszaFa>
			<UU_ID>aaaa111133339998</UU_ID>
			<P_7>usługi dodatkowe</P_7>
			<P_8A>szt.</P_8A>
			<P_8B>1</P_8B>
			<P_9A>4500</P_9A>
			<P_11>4500</P_11>
			<P_12>23</P_12>
		</FaWiersz>
	</Fa>
	<Stopka>
		<Informacje>
			<StopkaFaktury>Kapiał zakładowy 5 000 000</StopkaFaktury>
		</Informacje>
		<Rejestry>
			<KRS>0000099999</KRS>
			<REGON>999999999</REGON>
			<BDO>000099999</BDO>
		</Rejestry>
	</Stopka>
</Faktura>
